segmentid,bookingid,carriername,departuredatetime,arrivaldatetime,travelmode
SGM000000,BKG00158,American Airlines,2024-11-27 21:27:58,2024-09-12 15:13:02,bus
SGM000001,BKG00055,American Airlines,2024-11-07 14:47:20,2025-04-09 04:53:37,flight
SGM000002,BKG00082,Deutsche Bahn,2024-08-03 21:49:07,2025-06-25 08:57:34,flight
SGM000003,BKG00136,Deutsche Bahn,2024-10-23 07:32:41,2024-09-24 21:44:45,flight
SGM000004,BKG00098,Deutsche Bahn,2024-07-21 08:09:32,2025-03-30 14:41:04,train
SGM000005,BKG00148,American Airlines,2025-06-19 22:43:23,2025-03-22 06:21:44,flight
SGM000006,BKG00072,British Airways,2024-07-15 12:49:55,2025-05-10 17:22:47,flight
SGM000007,BKG00155,Flixbus,2025-07-09 23:05:09,2025-04-01 07:58:41,flight
SGM000008,BKG00189,British Airways,2025-04-27 14:20:24,2025-03-18 04:55:10,bus
SGM000009,BKG00114,British Airways,2024-08-15 10:15:58,2024-09-16 12:25:27,flight
SGM000010,BKG00006,American Airlines,2025-03-21 07:40:04,2025-04-16 02:37:44,bus
SGM000011,BKG00079,British Airways,2025-04-23 03:25:53,2024-11-06 05:34:35,flight
SGM000012,BKG00143,United,2024-12-09 02:38:23,2025-05-28 13:40:01,flight
SGM000013,BKG00096,Deutsche Bahn,2025-02-10 03:40:56,2024-07-19 22:08:28,train
SGM000014,BKG00003,United,2024-12-16 12:44:57,2025-04-23 04:30:47,bus
SGM000015,BKG00003,Flixbus,2025-02-24 22:09:48,2025-01-18 03:20:22,flight
SGM000016,BKG00102,Deutsche Bahn,2024-11-06 18:31:18,2024-12-12 20:33:53,bus
SGM000017,BKG00039,British Airways,2024-12-23 03:29:14,2025-01-15 18:43:09,bus
SGM000018,BKG00016,Flixbus,2025-05-31 17:26:15,2024-12-03 08:14:50,train
SGM000019,BKG00100,Deutsche Bahn,2025-05-08 15:54:52,2024-11-20 15:30:01,train
SGM000020,BKG00102,British Airways,2024-12-17 22:21:45,2025-03-16 11:44:57,train
SGM000021,BKG00123,United,2024-07-26 15:18:33,2025-05-28 15:05:56,train
SGM000022,BKG00051,Deutsche Bahn,2025-03-09 08:15:29,2024-12-22 22:58:00,train
SGM000023,BKG00051,British Airways,2024-12-27 04:38:10,2025-01-02 09:43:06,train
SGM000024,BKG00163,United,2024-11-12 01:23:05,2025-02-19 16:47:40,train
SGM000025,BKG00123,Flixbus,2024-12-31 12:11:31,2024-08-30 18:58:36,train
SGM000026,BKG00165,Flixbus,2025-07-13 12:16:17,2024-12-28 09:39:25,flight
SGM000027,BKG00177,Flixbus,2025-07-17 18:07:42,2025-04-16 18:09:02,bus
SGM000028,BKG00062,Flixbus,2024-11-09 16:53:24,2025-02-24 09:08:40,train
SGM000029,BKG00115,American Airlines,2025-01-03 01:26:54,2025-02-18 15:51:20,train
SGM000030,BKG00190,Deutsche Bahn,2025-03-12 03:12:58,2024-09-08 23:27:50,bus
SGM000031,BKG00061,Deutsche Bahn,2024-08-27 09:20:24,2025-03-24 06:37:52,flight
SGM000032,BKG00006,American Airlines,2024-10-18 20:21:54,2025-04-03 06:25:29,bus
SGM000033,BKG00154,British Airways,2025-02-11 13:31:56,2025-06-05 14:06:53,bus
SGM000034,BKG00091,British Airways,2024-08-10 12:43:22,2024-11-14 02:55:39,train
SGM000035,BKG00013,Flixbus,2024-07-22 09:00:23,2025-06-23 17:27:58,bus
SGM000036,BKG00198,United,2024-11-02 16:42:41,2024-11-29 02:46:46,bus
SGM000037,BKG00085,British Airways,2025-03-24 02:34:20,2024-10-22 08:59:32,train
SGM000038,BKG00132,United,2025-01-24 06:32:24,2024-09-30 12:40:02,train
SGM000039,BKG00182,Deutsche Bahn,2024-09-19 17:28:13,2024-11-27 06:17:50,train
SGM000040,BKG00129,United,2024-11-11 12:15:31,2024-09-20 12:10:32,train
SGM000041,BKG00061,Deutsche Bahn,2024-11-22 18:03:17,2025-03-08 04:35:30,bus
SGM000042,BKG00148,American Airlines,2025-01-12 00:21:11,2024-12-18 16:04:57,bus
SGM000043,BKG00078,American Airlines,2025-06-22 10:22:54,2024-11-04 08:22:22,flight
SGM000044,BKG00148,Flixbus,2024-12-31 16:10:04,2024-08-19 07:48:14,flight
SGM000045,BKG00137,British Airways,2024-10-16 14:04:07,2024-10-11 06:43:18,bus
SGM000046,BKG00057,Flixbus,2024-08-28 16:18:14,2024-10-17 00:44:13,flight
SGM000047,BKG00119,Deutsche Bahn,2025-03-17 09:36:23,2024-08-20 17:56:04,bus
SGM000048,BKG00166,Flixbus,2024-08-03 00:38:11,2024-08-31 01:54:08,flight
SGM000049,BKG00132,United,2024-10-04 10:36:27,2025-07-10 06:39:32,train
SGM000050,BKG00064,Deutsche Bahn,2025-05-27 01:11:46,2024-08-06 02:40:15,flight
SGM000051,BKG00012,American Airlines,2024-12-06 15:20:04,2025-06-05 19:01:50,train
SGM000052,BKG00180,British Airways,2025-04-15 12:52:49,2024-08-07 20:36:30,train
SGM000053,BKG00081,Deutsche Bahn,2025-01-08 20:32:59,2024-12-20 02:08:55,train
SGM000054,BKG00172,Deutsche Bahn,2025-06-04 19:59:01,2024-07-26 17:50:37,train
SGM000055,BKG00159,United,2024-08-25 22:28:45,2025-06-28 07:50:40,flight
SGM000056,BKG00163,British Airways,2025-07-28 15:58:53,2024-11-02 18:30:17,bus
SGM000057,BKG00187,American Airlines,2025-05-23 12:35:34,2025-02-27 18:31:32,train
SGM000058,BKG00138,Deutsche Bahn,2024-07-16 01:43:20,2024-09-27 04:16:55,flight
SGM000059,BKG00190,Deutsche Bahn,2024-11-07 16:14:26,2025-01-10 03:58:58,train
SGM000060,BKG00148,United,2025-01-13 22:00:45,2025-01-05 21:22:10,flight
SGM000061,BKG00051,Flixbus,2024-12-10 18:20:31,2024-12-01 01:51:50,flight
SGM000062,BKG00182,American Airlines,2024-08-13 08:54:14,2025-05-29 21:52:14,flight
SGM000063,BKG00116,British Airways,2024-09-01 00:33:49,2024-10-02 19:27:09,bus
SGM000064,BKG00025,Deutsche Bahn,2024-10-26 09:39:43,2024-08-28 06:14:30,flight
SGM000065,BKG00195,Deutsche Bahn,2025-03-28 23:11:47,2024-08-03 14:22:21,flight
SGM000066,BKG00033,American Airlines,2025-02-22 08:41:36,2024-07-08 20:51:07,bus
SGM000067,BKG00051,Flixbus,2025-01-08 09:38:56,2025-04-26 06:24:06,bus
SGM000068,BKG00111,Deutsche Bahn,2024-11-09 06:13:13,2025-02-03 23:08:49,flight
SGM000069,BKG00081,American Airlines,2024-08-05 08:35:18,2025-05-02 08:59:40,bus
SGM000070,BKG00179,United,2024-11-07 04:25:24,2025-06-20 02:55:19,train
SGM000071,BKG00156,Flixbus,2025-04-01 18:54:07,2025-07-10 17:21:27,train
SGM000072,BKG00165,British Airways,2024-08-10 12:57:05,2024-08-13 00:20:21,bus
SGM000073,BKG00041,Deutsche Bahn,2024-07-07 17:44:00,2025-07-17 20:58:10,bus
SGM000074,BKG00020,American Airlines,2025-05-08 05:02:53,2025-06-02 02:42:35,flight
SGM000075,BKG00041,United,2025-07-15 13:28:22,2024-11-24 05:09:49,bus
SGM000076,BKG00140,British Airways,2024-07-25 03:12:50,2024-08-05 02:06:20,flight
SGM000077,BKG00112,American Airlines,2024-08-05 16:38:46,2025-01-02 18:21:52,train
SGM000078,BKG00104,American Airlines,2024-07-14 05:35:35,2025-07-04 02:57:47,bus
SGM000079,BKG00191,British Airways,2024-12-24 02:34:51,2024-10-29 02:13:12,flight
SGM000080,BKG00016,United,2025-01-28 19:38:41,2024-08-11 17:31:12,flight
SGM000081,BKG00119,United,2025-02-28 16:46:51,2025-02-23 01:49:00,train
SGM000082,BKG00136,Flixbus,2025-07-20 01:51:56,2024-08-18 07:17:28,bus
SGM000083,BKG00168,Deutsche Bahn,2024-07-22 03:54:04,2025-04-11 23:04:06,train
SGM000084,BKG00128,British Airways,2025-02-04 00:14:03,2024-09-10 10:48:46,flight
SGM000085,BKG00129,British Airways,2024-08-13 17:49:56,2025-06-19 17:00:39,flight
SGM000086,BKG00059,British Airways,2025-02-10 03:45:30,2024-08-05 05:49:56,bus
SGM000087,BKG00047,United,2025-07-27 15:54:12,2024-12-10 06:59:26,flight
SGM000088,BKG00028,Deutsche Bahn,2025-04-10 10:50:14,2025-02-17 04:36:39,bus
SGM000089,BKG00096,Flixbus,2025-07-02 17:47:46,2024-09-13 08:18:57,train
SGM000090,BKG00009,American Airlines,2024-08-22 09:47:39,2025-01-18 13:16:22,bus
SGM000091,BKG00057,American Airlines,2024-10-07 22:07:17,2025-05-06 20:17:41,bus
SGM000092,BKG00187,British Airways,2024-09-27 18:52:04,2024-10-06 20:23:28,flight
SGM000093,BKG00020,Deutsche Bahn,2024-11-25 22:05:09,2024-12-21 23:02:54,flight
SGM000094,BKG00027,United,2024-10-14 00:23:45,2025-04-23 05:51:51,bus
SGM000095,BKG00033,Deutsche Bahn,2024-09-11 02:36:47,2025-02-19 16:30:58,flight
SGM000096,BKG00007,Deutsche Bahn,2025-04-22 20:56:57,2025-03-04 13:48:35,flight
SGM000097,BKG00186,United,2025-01-06 10:29:23,2024-11-15 15:55:01,flight
SGM000098,BKG00199,British Airways,2025-06-13 08:36:16,2025-03-18 11:22:29,bus
SGM000099,BKG00176,Deutsche Bahn,2024-12-14 10:31:45,2024-12-02 08:28:28,flight
SGM000100,BKG00078,American Airlines,2024-12-17 16:44:06,2025-07-26 19:51:51,bus
SGM000101,BKG00144,United,2024-09-29 12:28:53,2025-02-27 14:48:27,flight
SGM000102,BKG00187,Flixbus,2025-01-27 20:22:11,2025-01-14 10:48:39,train
SGM000103,BKG00086,British Airways,2024-12-08 08:01:11,2025-06-10 14:08:17,flight
SGM000104,BKG00087,United,2024-08-05 09:23:36,2025-01-06 06:28:05,flight
SGM000105,BKG00172,Flixbus,2024-08-10 05:30:57,2024-11-05 02:55:33,bus
SGM000106,BKG00068,Flixbus,2024-09-20 17:12:11,2024-12-15 03:48:36,bus
SGM000107,BKG00159,Deutsche Bahn,2024-07-12 19:14:30,2025-05-12 13:08:35,flight
SGM000108,BKG00171,Deutsche Bahn,2025-03-21 19:56:03,2025-01-01 07:52:29,train
SGM000109,BKG00192,Deutsche Bahn,2024-10-04 06:28:30,2025-07-19 11:40:17,flight
SGM000110,BKG00086,United,2025-06-21 02:42:59,2025-02-17 08:41:26,flight
SGM000111,BKG00100,United,2025-08-01 11:21:31,2025-04-16 08:48:34,train
SGM000112,BKG00007,British Airways,2024-07-21 14:31:46,2025-05-11 06:35:26,bus
SGM000113,BKG00076,Deutsche Bahn,2024-10-10 07:16:44,2025-04-08 23:40:15,flight
SGM000114,BKG00199,Flixbus,2025-03-03 21:08:55,2025-03-03 18:27:20,bus
SGM000115,BKG00086,American Airlines,2024-07-29 18:46:02,2024-11-25 22:08:14,bus
SGM000116,BKG00042,British Airways,2025-05-29 08:07:05,2025-01-06 19:04:49,train
SGM000117,BKG00128,United,2025-08-03 05:06:52,2025-05-22 01:44:06,train
SGM000118,BKG00108,British Airways,2025-08-04 13:17:29,2025-03-29 10:38:33,bus
SGM000119,BKG00178,British Airways,2024-10-02 22:04:43,2025-07-21 18:53:58,flight
SGM000120,BKG00151,British Airways,2024-08-14 06:00:16,2025-06-11 11:38:19,bus
SGM000121,BKG00151,British Airways,2025-01-31 15:57:55,2025-01-07 00:50:35,flight
SGM000122,BKG00016,American Airlines,2025-03-19 16:42:40,2024-08-13 07:34:22,flight
SGM000123,BKG00132,Deutsche Bahn,2024-10-01 16:18:47,2024-10-04 23:28:47,train
SGM000124,BKG00147,Flixbus,2024-12-12 00:21:52,2024-11-08 05:02:56,flight
SGM000125,BKG00020,British Airways,2025-03-03 04:31:20,2024-09-13 08:15:55,flight
SGM000126,BKG00057,British Airways,2025-02-06 19:54:37,2025-02-21 10:22:24,bus
SGM000127,BKG00158,British Airways,2024-09-10 22:02:51,2025-03-23 02:01:39,train
SGM000128,BKG00109,Deutsche Bahn,2024-07-07 16:05:33,2025-05-23 03:00:18,flight
SGM000129,BKG00138,United,2024-09-13 05:04:36,2025-08-01 15:53:20,flight
SGM000130,BKG00179,United,2024-10-11 05:24:11,2024-10-08 12:14:34,train
SGM000131,BKG00142,American Airlines,2025-01-30 09:10:37,2024-10-19 13:00:11,bus
SGM000132,BKG00134,United,2024-10-11 01:58:37,2025-05-18 09:31:25,train
SGM000133,BKG00027,British Airways,2025-06-01 19:30:55,2024-07-16 16:05:49,train
SGM000134,BKG00050,British Airways,2024-10-15 16:11:17,2024-12-05 04:25:55,flight
SGM000135,BKG00185,British Airways,2025-08-06 13:54:18,2025-05-22 16:17:04,flight
SGM000136,BKG00004,American Airlines,2025-02-24 05:16:46,2024-09-15 02:35:56,bus
SGM000137,BKG00004,British Airways,2024-07-24 00:42:31,2025-02-23 09:40:55,flight
SGM000138,BKG00093,United,2025-02-23 18:33:54,2025-01-25 06:10:58,flight
SGM000139,BKG00095,Deutsche Bahn,2025-01-26 14:51:39,2025-06-10 02:19:05,train
SGM000140,BKG00007,Deutsche Bahn,2024-07-22 15:46:05,2024-08-19 14:15:48,flight
SGM000141,BKG00063,Flixbus,2025-06-14 03:20:29,2025-05-21 10:28:28,bus
SGM000142,BKG00137,United,2025-02-07 02:54:41,2025-04-04 09:36:08,train
SGM000143,BKG00037,British Airways,2025-03-22 08:46:13,2025-01-01 04:51:30,bus
SGM000144,BKG00110,Deutsche Bahn,2025-03-11 06:07:50,2024-12-17 10:59:48,train
SGM000145,BKG00111,United,2025-05-07 03:04:11,2025-06-11 17:23:56,flight
SGM000146,BKG00080,Deutsche Bahn,2024-11-29 20:01:17,2025-06-25 16:17:52,train
SGM000147,BKG00135,British Airways,2025-01-31 20:15:18,2024-10-16 17:54:45,train
SGM000148,BKG00103,Deutsche Bahn,2025-03-11 23:56:42,2024-09-04 00:27:32,flight
SGM000149,BKG00152,Flixbus,2024-09-30 09:01:12,2024-09-18 19:54:01,flight
SGM000150,BKG00072,Flixbus,2024-09-06 07:34:45,2024-10-21 08:13:07,bus
SGM000151,BKG00193,Deutsche Bahn,2025-06-13 22:09:49,2025-03-15 20:01:10,bus
SGM000152,BKG00177,United,2025-06-23 02:52:22,2025-04-16 00:43:05,flight
SGM000153,BKG00194,United,2025-01-13 14:19:36,2025-06-08 23:45:17,flight
SGM000154,BKG00048,United,2025-08-05 11:31:07,2024-08-13 03:48:05,flight
SGM000155,BKG00035,Deutsche Bahn,2025-03-14 21:32:31,2025-05-22 07:18:43,train
SGM000156,BKG00125,United,2025-07-23 07:51:25,2025-06-23 15:58:33,train
SGM000157,BKG00067,British Airways,2025-05-16 04:24:44,2024-11-17 00:28:07,train
SGM000158,BKG00077,Flixbus,2024-10-02 08:17:05,2025-06-22 07:42:34,flight
SGM000159,BKG00104,British Airways,2024-07-20 22:14:47,2025-02-26 00:29:00,bus
SGM000160,BKG00168,United,2025-06-01 23:39:16,2024-11-24 01:36:34,flight
SGM000161,BKG00121,British Airways,2025-07-27 01:36:32,2024-10-05 05:20:44,train
SGM000162,BKG00118,United,2025-06-23 01:09:56,2024-10-27 07:15:51,train
SGM000163,BKG00189,Deutsche Bahn,2025-01-20 01:34:03,2025-01-27 01:08:18,flight
SGM000164,BKG00113,British Airways,2025-03-26 07:43:46,2025-02-22 17:03:07,flight
SGM000165,BKG00009,Deutsche Bahn,2024-07-10 17:51:49,2024-08-05 11:14:25,train
SGM000166,BKG00148,Deutsche Bahn,2025-02-20 10:19:34,2025-03-19 09:56:05,train
SGM000167,BKG00163,American Airlines,2025-06-29 06:04:46,2025-02-04 09:44:24,train
SGM000168,BKG00139,United,2024-11-18 23:45:58,2024-08-09 13:28:35,flight
SGM000169,BKG00090,Flixbus,2025-07-24 05:19:18,2025-01-08 16:58:02,train
SGM000170,BKG00001,United,2025-07-30 10:49:03,2024-09-27 02:06:05,train
SGM000171,BKG00117,Flixbus,2024-07-14 22:04:50,2025-03-19 18:11:35,bus
SGM000172,BKG00012,United,2025-07-05 20:11:50,2025-03-08 09:28:03,flight
SGM000173,BKG00180,Deutsche Bahn,2024-12-18 11:04:52,2024-07-22 07:36:00,bus
SGM000174,BKG00159,British Airways,2025-05-26 09:27:21,2025-05-14 01:32:21,bus
SGM000175,BKG00094,British Airways,2024-10-09 10:37:56,2024-11-23 20:36:53,train
SGM000176,BKG00143,American Airlines,2025-04-26 14:27:28,2025-05-07 08:09:18,flight
SGM000177,BKG00031,Flixbus,2024-07-22 05:40:34,2025-04-06 07:45:41,train
SGM000178,BKG00031,Flixbus,2025-04-14 03:52:56,2025-07-07 03:59:07,flight
SGM000179,BKG00123,Flixbus,2024-11-26 16:10:07,2025-02-03 20:40:37,bus
SGM000180,BKG00010,Deutsche Bahn,2024-09-25 13:24:36,2024-11-23 04:22:55,flight
SGM000181,BKG00009,Flixbus,2025-01-26 12:30:26,2025-07-11 11:31:07,train
SGM000182,BKG00014,British Airways,2024-07-13 09:40:45,2025-06-17 16:24:17,train
SGM000183,BKG00016,Deutsche Bahn,2024-12-07 00:15:54,2025-06-20 05:38:30,train
SGM000184,BKG00167,United,2025-05-21 02:17:48,2024-10-19 11:02:01,flight
SGM000185,BKG00145,Flixbus,2025-07-10 03:50:39,2024-09-30 17:41:29,bus
SGM000186,BKG00182,Flixbus,2024-08-28 21:42:19,2024-11-03 19:03:53,bus
SGM000187,BKG00152,United,2025-03-15 11:14:06,2025-08-05 15:52:42,flight
SGM000188,BKG00058,Flixbus,2024-09-01 20:46:18,2025-02-05 18:26:22,train
SGM000189,BKG00077,United,2025-02-19 01:02:53,2025-01-02 18:59:21,bus
SGM000190,BKG00123,Deutsche Bahn,2024-12-25 04:31:00,2024-08-06 16:02:52,train
SGM000191,BKG00113,British Airways,2024-10-19 09:30:55,2024-11-27 06:02:58,flight
SGM000192,BKG00021,United,2024-07-12 12:13:30,2024-09-16 03:04:21,train
SGM000193,BKG00157,American Airlines,2024-08-21 18:25:26,2025-01-30 16:30:01,bus
SGM000194,BKG00171,United,2025-05-12 14:21:07,2025-07-22 00:18:23,bus
SGM000195,BKG00031,Flixbus,2025-01-25 22:34:15,2025-07-03 16:24:47,train
SGM000196,BKG00178,Deutsche Bahn,2024-12-31 21:20:40,2024-09-15 12:02:26,flight
SGM000197,BKG00173,Deutsche Bahn,2024-12-15 10:33:00,2024-12-09 13:03:31,train
SGM000198,BKG00112,United,2025-05-11 18:41:46,2025-05-19 20:12:50,flight
SGM000199,BKG00119,British Airways,2024-07-28 12:11:17,2024-07-20 07:33:00,train
SGM000200,BKG00148,American Airlines,2024-08-14 12:29:43,2024-07-14 15:42:43,bus
SGM000201,BKG00121,Deutsche Bahn,2024-08-13 02:05:50,2024-11-22 04:57:32,flight
SGM000202,BKG00031,Flixbus,2025-04-07 14:46:56,2024-10-16 15:40:55,flight
SGM000203,BKG00118,Flixbus,2025-04-26 15:55:19,2024-12-28 12:29:22,flight
SGM000204,BKG00038,British Airways,2024-07-27 13:14:20,2025-02-21 14:07:00,bus
SGM000205,BKG00011,Deutsche Bahn,2024-09-19 04:41:43,2025-05-23 04:00:07,train
SGM000206,BKG00174,United,2024-07-23 06:18:14,2025-01-23 11:15:28,bus
SGM000207,BKG00017,Flixbus,2025-07-11 19:26:12,2025-08-02 02:18:58,flight
SGM000208,BKG00148,British Airways,2024-12-29 19:31:38,2025-03-17 16:14:54,train
SGM000209,BKG00140,Deutsche Bahn,2025-01-05 00:18:22,2024-07-10 17:16:06,bus
SGM000210,BKG00148,Deutsche Bahn,2025-02-14 04:47:06,2025-07-28 16:52:00,flight
SGM000211,BKG00125,Deutsche Bahn,2025-03-24 14:32:07,2024-09-25 00:56:01,flight
SGM000212,BKG00135,Deutsche Bahn,2024-12-27 22:37:01,2024-12-17 04:26:28,bus
SGM000213,BKG00045,Deutsche Bahn,2025-05-10 04:00:42,2025-04-03 18:00:07,bus
SGM000214,BKG00103,Flixbus,2025-06-24 06:24:02,2024-07-08 15:51:49,bus
SGM000215,BKG00134,British Airways,2024-07-23 17:17:47,2025-07-31 19:21:01,flight
SGM000216,BKG00150,Deutsche Bahn,2025-07-29 06:03:10,2025-01-29 03:40:28,bus
SGM000217,BKG00085,American Airlines,2025-04-16 14:58:01,2024-09-14 18:37:22,flight
SGM000218,BKG00149,American Airlines,2024-12-11 23:48:07,2025-03-14 19:35:07,bus
SGM000219,BKG00088,British Airways,2024-11-24 13:04:43,2024-12-14 02:05:59,flight
SGM000220,BKG00021,United,2024-09-22 09:28:39,2024-10-07 18:16:35,flight
SGM000221,BKG00091,United,2025-08-05 20:00:54,2025-05-11 01:24:11,train
SGM000222,BKG00028,United,2025-05-20 20:07:28,2025-01-24 16:21:26,bus
SGM000223,BKG00012,American Airlines,2025-02-04 15:56:54,2025-04-16 18:30:24,bus
SGM000224,BKG00001,United,2025-05-14 11:40:31,2025-06-27 04:33:58,flight
SGM000225,BKG00028,Flixbus,2025-01-21 11:29:44,2025-06-03 21:53:44,flight
SGM000226,BKG00179,Deutsche Bahn,2025-07-14 21:14:29,2025-08-02 10:51:31,flight
SGM000227,BKG00026,American Airlines,2025-04-27 10:23:02,2025-07-23 04:47:23,train
SGM000228,BKG00049,British Airways,2024-10-20 13:42:53,2024-12-27 17:17:52,train
SGM000229,BKG00094,British Airways,2024-07-22 17:26:12,2024-10-11 02:03:15,flight
SGM000230,BKG00150,Deutsche Bahn,2025-04-14 18:34:19,2024-07-13 21:49:49,bus
SGM000231,BKG00087,American Airlines,2024-09-17 03:22:25,2025-06-03 12:11:20,bus
SGM000232,BKG00043,United,2025-06-20 14:33:46,2025-05-17 03:31:19,train
SGM000233,BKG00021,United,2024-09-27 21:53:00,2024-10-12 19:07:35,train
SGM000234,BKG00170,Flixbus,2025-06-25 17:17:37,2025-02-27 06:06:12,flight
SGM000235,BKG00164,Flixbus,2025-03-27 06:11:43,2025-07-03 18:19:28,bus
SGM000236,BKG00188,United,2025-06-01 21:14:14,2025-07-16 16:02:06,flight
SGM000237,BKG00096,British Airways,2024-11-07 13:16:32,2025-06-27 23:54:01,train
SGM000238,BKG00183,British Airways,2025-02-12 14:00:42,2024-08-21 20:05:26,bus
SGM000239,BKG00002,Flixbus,2025-01-08 19:11:54,2024-10-26 04:56:50,bus
SGM000240,BKG00190,Deutsche Bahn,2025-04-14 20:15:23,2024-12-24 23:39:37,train
SGM000241,BKG00117,United,2024-08-26 23:51:40,2024-08-09 10:09:14,flight
SGM000242,BKG00018,Flixbus,2024-10-13 21:39:45,2024-08-03 10:07:36,flight
SGM000243,BKG00022,Flixbus,2025-04-25 14:53:43,2024-08-29 02:08:43,bus
SGM000244,BKG00156,United,2024-07-16 04:35:33,2025-07-26 22:12:11,train
SGM000245,BKG00029,United,2024-12-01 03:12:06,2024-11-17 16:32:08,bus
SGM000246,BKG00038,British Airways,2025-04-03 23:28:17,2025-07-23 14:27:53,train
SGM000247,BKG00107,Deutsche Bahn,2024-10-13 10:48:31,2025-04-02 15:28:14,flight
SGM000248,BKG00110,Deutsche Bahn,2024-11-03 06:09:04,2025-05-18 04:33:55,train
SGM000249,BKG00024,United,2024-08-09 15:33:13,2024-08-10 02:42:52,flight
SGM000250,BKG00127,American Airlines,2025-02-02 15:59:01,2024-12-04 06:08:32,train
SGM000251,BKG00110,Flixbus,2025-07-15 21:39:44,2024-11-24 19:37:26,bus
SGM000252,BKG00135,Flixbus,2025-06-15 11:26:57,2025-02-18 07:59:46,flight
SGM000253,BKG00105,United,2024-09-26 14:43:37,2024-11-30 06:20:47,bus
SGM000254,BKG00185,American Airlines,2025-01-16 23:38:43,2024-11-04 08:40:28,bus
SGM000255,BKG00143,British Airways,2024-08-17 16:13:30,2024-09-04 08:48:28,flight
SGM000256,BKG00071,United,2025-06-07 00:21:24,2025-04-16 06:14:13,flight
SGM000257,BKG00128,United,2025-04-19 16:10:41,2024-07-31 11:53:23,bus
SGM000258,BKG00107,Flixbus,2024-09-04 11:16:42,2024-10-02 21:56:03,bus
SGM000259,BKG00004,United,2025-03-10 21:56:03,2024-08-03 17:41:04,bus
SGM000260,BKG00002,United,2024-07-11 05:08:32,2024-11-14 08:37:36,bus
SGM000261,BKG00192,United,2025-07-20 10:55:35,2025-04-22 11:45:33,flight
SGM000262,BKG00131,Flixbus,2025-05-13 16:17:04,2025-05-21 22:06:09,flight
SGM000263,BKG00103,British Airways,2025-05-29 03:44:22,2024-10-25 19:06:26,bus
SGM000264,BKG00063,British Airways,2024-12-13 14:06:45,2024-09-23 17:14:17,train
SGM000265,BKG00105,United,2024-09-24 09:48:23,2025-04-29 12:25:41,train
SGM000266,BKG00097,Flixbus,2024-09-14 13:26:39,2025-02-24 05:27:22,flight
SGM000267,BKG00009,British Airways,2024-11-27 22:51:58,2025-02-23 21:25:56,bus
SGM000268,BKG00148,British Airways,2025-05-05 02:08:01,2024-07-11 05:41:02,bus
SGM000269,BKG00127,British Airways,2025-02-03 07:43:46,2024-08-17 07:43:46,flight
SGM000270,BKG00045,Flixbus,2025-05-26 21:37:51,2025-07-14 15:43:34,train
SGM000271,BKG00154,Flixbus,2024-09-02 03:57:23,2024-10-07 06:22:39,train
SGM000272,BKG00065,United,2025-01-19 03:37:31,2025-04-11 07:46:00,train
SGM000273,BKG00168,Deutsche Bahn,2024-10-24 01:01:33,2024-09-14 07:44:55,flight
SGM000274,BKG00111,British Airways,2024-07-16 00:06:26,2024-12-27 08:29:02,train
SGM000275,BKG00012,Deutsche Bahn,2024-08-31 12:21:02,2024-11-10 16:58:52,flight
SGM000276,BKG00136,Flixbus,2025-05-29 09:15:20,2025-01-11 07:56:33,flight
SGM000277,BKG00163,Flixbus,2025-02-24 22:01:38,2024-09-19 11:54:53,bus
SGM000278,BKG00085,Flixbus,2025-06-04 15:42:33,2024-12-13 23:29:33,train
SGM000279,BKG00089,Deutsche Bahn,2024-08-01 12:43:40,2024-12-13 03:35:52,flight
SGM000280,BKG00057,Flixbus,2024-11-25 13:27:44,2024-11-09 06:53:30,train
SGM000281,BKG00053,United,2024-07-07 15:51:19,2024-10-07 23:19:59,train
SGM000282,BKG00011,Flixbus,2025-07-10 22:56:49,2025-07-28 00:35:53,bus
SGM000283,BKG00013,American Airlines,2025-03-03 06:26:06,2025-07-07 09:31:48,train
SGM000284,BKG00120,Deutsche Bahn,2024-12-27 16:34:58,2025-05-23 22:45:45,bus
SGM000285,BKG00161,American Airlines,2025-02-08 12:12:07,2025-07-27 02:41:50,flight
SGM000286,BKG00180,Flixbus,2025-06-29 18:26:24,2025-07-05 21:34:32,train
SGM000287,BKG00120,United,2025-02-05 09:32:28,2024-08-21 23:48:10,flight
SGM000288,BKG00019,British Airways,2024-07-31 21:34:44,2024-07-09 16:51:49,train
SGM000289,BKG00074,Flixbus,2025-03-25 19:46:11,2025-07-01 23:37:56,flight
SGM000290,BKG00143,United,2025-04-22 21:39:03,2025-06-26 03:10:18,train
SGM000291,BKG00069,Deutsche Bahn,2024-09-24 01:13:01,2025-04-05 17:07:07,train
SGM000292,BKG00055,American Airlines,2024-09-30 18:30:13,2024-07-19 08:50:04,train
SGM000293,BKG00100,American Airlines,2025-01-14 08:51:06,2025-01-12 09:03:38,train
SGM000294,BKG00185,American Airlines,2024-11-24 00:34:24,2024-08-27 02:35:06,train
SGM000295,BKG00131,Deutsche Bahn,2025-03-03 13:44:20,2024-09-11 14:56:20,train
SGM000296,BKG00110,United,2024-09-10 08:37:49,2025-05-13 02:53:54,train
SGM000297,BKG00124,Deutsche Bahn,2025-03-31 15:27:58,2024-09-22 23:08:31,train
SGM000298,BKG00131,American Airlines,2025-06-27 09:33:21,2025-01-17 22:55:26,train
SGM000299,BKG00019,Flixbus,2025-06-11 10:11:29,2024-11-26 20:11:44,flight
SGM000300,BKG00137,British Airways,2025-05-13 20:05:39,2024-10-21 05:53:14,bus
SGM000301,BKG00023,Deutsche Bahn,2024-08-22 18:39:05,2025-06-28 21:02:28,train
SGM000302,BKG00153,Deutsche Bahn,2025-02-08 01:09:58,2025-03-27 03:27:31,bus
SGM000303,BKG00036,United,2025-05-06 13:30:08,2024-07-12 03:21:23,train
SGM000304,BKG00053,United,2025-04-13 01:48:55,2025-01-22 23:52:54,train
SGM000305,BKG00102,Deutsche Bahn,2024-08-09 17:44:28,2024-07-18 10:42:31,flight
SGM000306,BKG00148,American Airlines,2025-03-06 18:18:40,2024-12-30 17:04:48,flight
SGM000307,BKG00037,British Airways,2024-07-13 08:39:18,2025-03-07 04:11:23,bus
SGM000308,BKG00173,United,2024-12-16 06:05:11,2025-04-04 14:25:25,flight
SGM000309,BKG00003,American Airlines,2025-01-12 17:33:37,2024-10-12 16:45:54,flight
SGM000310,BKG00187,Flixbus,2024-09-30 04:16:11,2024-10-18 19:56:44,bus
SGM000311,BKG00056,United,2024-11-16 11:12:25,2025-03-30 11:17:56,flight
SGM000312,BKG00172,American Airlines,2025-05-15 03:48:32,2024-09-05 09:54:12,train
SGM000313,BKG00019,American Airlines,2024-09-13 08:37:36,2025-07-01 02:11:59,bus
SGM000314,BKG00016,British Airways,2025-03-28 17:58:11,2025-06-24 14:51:39,bus
SGM000315,BKG00118,British Airways,2025-05-10 07:37:40,2025-05-08 19:32:38,train
SGM000316,BKG00070,Flixbus,2025-07-24 12:18:05,2025-03-22 04:43:49,flight
SGM000317,BKG00003,American Airlines,2025-07-02 11:38:26,2025-04-13 18:15:01,bus
SGM000318,BKG00013,American Airlines,2024-10-21 14:34:37,2024-11-08 15:34:17,bus
SGM000319,BKG00002,British Airways,2025-02-24 20:30:09,2025-01-29 12:09:17,train
SGM000320,BKG00079,United,2024-07-11 12:38:14,2025-05-02 20:46:24,train
SGM000321,BKG00185,United,2025-02-05 11:29:30,2024-10-19 01:48:36,flight
SGM000322,BKG00054,Deutsche Bahn,2024-09-21 22:28:10,2024-08-15 06:37:56,bus
SGM000323,BKG00131,British Airways,2025-04-07 19:33:09,2024-09-20 18:11:29,flight
SGM000324,BKG00119,Deutsche Bahn,2024-08-16 15:01:53,2025-05-04 23:43:17,flight
SGM000325,BKG00023,British Airways,2025-05-04 10:43:39,2024-11-25 15:03:30,train
SGM000326,BKG00161,Flixbus,2024-08-27 09:39:21,2024-08-07 12:21:36,bus
SGM000327,BKG00157,American Airlines,2025-03-16 20:48:30,2025-05-14 17:06:53,bus
SGM000328,BKG00081,Flixbus,2025-02-12 23:34:25,2025-01-18 08:51:04,bus
SGM000329,BKG00146,British Airways,2024-08-18 13:20:06,2025-03-21 10:22:48,train
SGM000330,BKG00158,American Airlines,2024-07-15 03:25:18,2024-09-17 09:35:30,train
SGM000331,BKG00187,United,2024-11-11 06:42:10,2025-05-03 00:06:02,train
SGM000332,BKG00059,United,2024-08-29 08:00:01,2025-03-06 21:26:25,train
SGM000333,BKG00146,Deutsche Bahn,2025-04-30 11:04:38,2024-08-06 08:36:44,train
SGM000334,BKG00048,British Airways,2024-10-29 04:38:34,2025-07-28 10:52:29,bus
SGM000335,BKG00062,British Airways,2025-01-16 20:29:09,2025-01-01 13:24:08,flight
SGM000336,BKG00109,United,2024-11-20 16:20:00,2024-11-19 22:58:10,bus
SGM000337,BKG00149,Flixbus,2025-03-23 14:52:07,2024-07-16 09:11:54,flight
SGM000338,BKG00151,American Airlines,2024-10-27 12:59:55,2025-03-03 23:12:02,train
SGM000339,BKG00108,Flixbus,2024-08-08 13:40:25,2025-02-25 05:44:21,flight
SGM000340,BKG00075,Flixbus,2024-07-17 03:01:23,2024-10-07 18:29:44,bus
SGM000341,BKG00029,United,2025-04-02 19:22:44,2025-01-28 07:39:54,bus
SGM000342,BKG00057,United,2024-09-02 02:53:17,2025-06-06 10:57:54,flight
SGM000343,BKG00116,United,2025-01-06 01:21:33,2024-09-15 17:10:39,train
SGM000344,BKG00158,Deutsche Bahn,2025-03-22 10:47:25,2025-04-06 10:50:11,train
SGM000345,BKG00099,Flixbus,2024-09-11 16:24:04,2024-09-18 07:46:13,bus
SGM000346,BKG00191,British Airways,2024-09-27 02:30:46,2024-10-08 18:20:41,flight
SGM000347,BKG00018,American Airlines,2024-08-24 02:54:27,2025-03-07 01:59:02,train
SGM000348,BKG00175,Deutsche Bahn,2025-01-10 17:18:59,2024-09-28 21:22:31,train
SGM000349,BKG00172,British Airways,2025-03-24 15:33:29,2025-01-29 19:00:57,bus
SGM000350,BKG00093,Flixbus,2024-12-17 04:00:36,2024-11-24 16:34:24,train
SGM000351,BKG00182,United,2024-08-23 20:10:26,2024-10-27 12:52:30,flight
SGM000352,BKG00112,Flixbus,2025-06-15 11:26:35,2024-08-23 02:57:05,bus
SGM000353,BKG00182,American Airlines,2025-07-25 02:31:42,2025-05-09 23:34:38,bus
SGM000354,BKG00145,Deutsche Bahn,2025-04-09 09:19:41,2024-12-23 11:25:50,flight
SGM000355,BKG00062,Deutsche Bahn,2024-12-30 19:21:25,2024-09-29 00:56:32,bus
SGM000356,BKG00115,American Airlines,2024-10-12 18:10:02,2024-08-18 12:16:44,train
SGM000357,BKG00112,British Airways,2025-04-03 20:21:12,2025-03-06 06:22:38,train
SGM000358,BKG00046,British Airways,2025-04-15 06:50:42,2025-01-02 21:08:29,flight
SGM000359,BKG00056,Deutsche Bahn,2025-02-01 21:47:06,2025-02-19 23:58:03,train
SGM000360,BKG00117,Deutsche Bahn,2025-06-07 03:07:37,2025-07-10 10:39:29,flight
SGM000361,BKG00044,United,2024-07-17 03:16:58,2025-01-16 19:30:22,flight
SGM000362,BKG00160,British Airways,2025-03-19 20:41:46,2025-02-25 17:22:30,train
SGM000363,BKG00144,American Airlines,2024-12-17 18:49:19,2025-04-02 02:50:12,flight
SGM000364,BKG00197,British Airways,2024-08-10 21:11:21,2025-06-08 15:27:39,train
SGM000365,BKG00003,United,2025-04-13 04:38:43,2024-12-28 14:44:50,bus
SGM000366,BKG00147,Deutsche Bahn,2025-04-19 01:53:36,2025-01-11 18:29:15,bus
SGM000367,BKG00046,Deutsche Bahn,2024-08-12 13:39:25,2025-07-31 23:48:20,flight
SGM000368,BKG00142,United,2024-11-13 10:14:17,2025-07-11 15:07:17,train
SGM000369,BKG00197,American Airlines,2025-08-05 11:32:31,2024-10-10 03:56:15,train
SGM000370,BKG00046,Deutsche Bahn,2025-05-14 19:34:07,2024-07-17 16:51:55,bus
SGM000371,BKG00077,Flixbus,2025-04-28 11:44:54,2024-12-03 09:21:21,bus
SGM000372,BKG00123,Deutsche Bahn,2025-04-15 08:47:04,2024-07-21 23:11:55,train
SGM000373,BKG00074,Flixbus,2024-10-11 00:46:30,2025-03-11 13:52:23,flight
SGM000374,BKG00102,United,2025-04-20 08:47:04,2024-11-09 00:38:41,bus
SGM000375,BKG00136,United,2025-03-30 01:41:13,2025-04-13 21:28:27,flight
SGM000376,BKG00089,Deutsche Bahn,2025-07-16 06:46:32,2025-04-23 20:41:16,flight
SGM000377,BKG00143,British Airways,2025-04-05 14:48:43,2025-06-12 11:43:32,bus
SGM000378,BKG00068,Flixbus,2025-07-06 03:13:46,2024-07-27 05:55:37,flight
SGM000379,BKG00060,American Airlines,2025-05-07 19:27:21,2025-05-05 12:36:15,flight
SGM000380,BKG00137,Deutsche Bahn,2024-11-24 01:13:43,2025-04-10 16:25:10,train
SGM000381,BKG00049,American Airlines,2025-05-13 04:00:17,2025-07-22 11:50:26,flight
SGM000382,BKG00002,Deutsche Bahn,2025-02-17 12:52:02,2025-01-04 20:39:55,train
SGM000383,BKG00106,British Airways,2024-10-27 01:46:11,2024-12-08 12:10:51,bus
SGM000384,BKG00112,British Airways,2025-02-28 02:24:59,2025-06-21 21:54:43,bus
SGM000385,BKG00093,British Airways,2025-02-06 19:14:22,2025-04-14 02:15:44,train
SGM000386,BKG00117,British Airways,2024-10-14 05:33:46,2024-11-28 17:01:15,bus
SGM000387,BKG00197,United,2025-02-04 21:47:39,2024-09-30 08:11:28,flight
SGM000388,BKG00080,United,2024-10-31 09:11:12,2024-08-23 06:43:56,flight
SGM000389,BKG00108,Flixbus,2024-11-01 11:32:13,2024-11-20 02:28:12,flight
SGM000390,BKG00050,American Airlines,2024-11-05 23:03:51,2024-12-10 19:56:59,bus
SGM000391,BKG00146,Deutsche Bahn,2025-06-21 23:00:09,2024-12-23 03:11:05,flight
SGM000392,BKG00169,Deutsche Bahn,2024-08-12 15:46:56,2024-12-07 04:36:58,bus
SGM000393,BKG00034,United,2025-06-13 09:02:16,2024-10-09 11:30:29,flight
SGM000394,BKG00045,Deutsche Bahn,2025-05-04 05:32:26,2025-01-04 11:45:07,train
SGM000395,BKG00153,United,2025-05-30 06:57:54,2025-06-14 09:48:29,bus
SGM000396,BKG00068,Flixbus,2024-07-23 06:02:37,2024-12-05 05:01:06,bus
SGM000397,BKG00092,American Airlines,2024-07-09 01:54:56,2025-05-19 05:31:14,flight
SGM000398,BKG00063,Flixbus,2025-03-06 12:20:27,2025-01-31 06:54:24,bus
SGM000399,BKG00164,British Airways,2025-05-26 11:04:02,2025-07-06 21:13:00,bus
SGM000400,BKG00048,British Airways,2025-05-29 03:29:44,2024-12-20 21:15:18,train
SGM000401,BKG00148,British Airways,2024-09-11 01:27:29,2025-03-02 16:49:52,train
SGM000402,BKG00073,Flixbus,2024-07-12 18:17:58,2024-07-21 16:48:15,flight
SGM000403,BKG00191,Deutsche Bahn,2025-03-14 14:23:16,2025-03-17 15:42:36,train
SGM000404,BKG00004,American Airlines,2024-09-30 05:22:24,2025-07-03 16:21:46,flight
SGM000405,BKG00099,British Airways,2024-12-05 07:01:26,2024-10-22 07:57:55,flight
SGM000406,BKG00069,British Airways,2024-11-25 21:21:02,2025-08-01 02:49:03,flight
SGM000407,BKG00089,British Airways,2024-12-27 23:01:53,2025-03-01 16:26:12,bus
SGM000408,BKG00003,American Airlines,2025-04-11 15:43:35,2025-08-01 08:56:13,train
SGM000409,BKG00125,British Airways,2024-09-27 21:37:22,2024-09-09 23:20:42,flight
SGM000410,BKG00038,American Airlines,2025-05-01 21:04:54,2024-12-07 14:35:29,train
SGM000411,BKG00162,British Airways,2024-12-01 05:40:19,2024-12-23 00:09:31,flight
SGM000412,BKG00128,Flixbus,2024-11-14 13:03:29,2025-01-02 23:13:07,train
SGM000413,BKG00023,Flixbus,2025-01-22 08:34:21,2024-07-14 08:52:42,train
SGM000414,BKG00056,American Airlines,2024-09-06 23:18:26,2024-11-08 15:56:15,flight
SGM000415,BKG00099,Flixbus,2025-03-04 03:58:03,2024-10-11 13:48:31,bus
SGM000416,BKG00069,American Airlines,2024-07-08 02:56:11,2025-03-18 04:47:44,train
SGM000417,BKG00040,Flixbus,2025-01-27 03:04:48,2025-05-31 13:56:21,bus
SGM000418,BKG00181,Flixbus,2025-05-06 21:52:41,2025-03-13 12:29:33,bus
SGM000419,BKG00173,American Airlines,2024-11-26 15:03:53,2024-07-16 07:54:26,flight
SGM000420,BKG00059,Deutsche Bahn,2025-03-06 22:41:26,2025-06-10 22:52:16,flight
SGM000421,BKG00107,Flixbus,2024-10-20 07:33:44,2025-01-08 15:56:40,flight
SGM000422,BKG00187,British Airways,2025-05-14 17:49:42,2025-06-27 23:14:25,train
SGM000423,BKG00056,Deutsche Bahn,2024-11-03 18:16:46,2024-10-13 20:00:16,flight
SGM000424,BKG00030,American Airlines,2024-08-19 11:34:31,2025-05-10 10:55:57,flight
SGM000425,BKG00083,Deutsche Bahn,2024-11-12 23:35:37,2025-05-26 17:49:20,train
SGM000426,BKG00151,United,2025-06-28 01:12:25,2025-07-14 08:04:31,train
SGM000427,BKG00035,United,2024-12-13 16:02:38,2025-02-08 11:43:51,flight
SGM000428,BKG00157,Flixbus,2024-12-20 10:06:23,2024-10-09 03:24:33,flight
SGM000429,BKG00151,Flixbus,2025-04-30 17:35:50,2025-06-07 10:26:47,flight
SGM000430,BKG00107,British Airways,2024-11-29 00:35:27,2024-09-30 08:40:31,flight
SGM000431,BKG00105,Deutsche Bahn,2025-08-06 07:42:21,2025-04-18 01:06:59,bus
SGM000432,BKG00157,United,2024-11-15 17:25:52,2024-07-10 16:13:02,bus
SGM000433,BKG00085,Flixbus,2025-05-22 15:47:31,2025-03-25 15:50:16,flight
SGM000434,BKG00134,Deutsche Bahn,2025-03-07 11:43:52,2024-11-18 03:55:46,bus
SGM000435,BKG00162,Flixbus,2025-01-15 18:10:10,2025-06-04 01:10:01,train
SGM000436,BKG00182,Flixbus,2024-07-21 18:39:31,2025-04-18 17:56:34,bus
SGM000437,BKG00013,United,2025-03-27 22:35:35,2024-11-23 08:59:38,bus
SGM000438,BKG00119,United,2025-02-14 04:03:07,2024-08-15 07:47:35,flight
SGM000439,BKG00137,Flixbus,2025-06-28 16:18:46,2024-10-08 18:50:30,bus
SGM000440,BKG00079,American Airlines,2024-07-19 21:32:27,2025-03-20 21:42:20,bus
SGM000441,BKG00143,Flixbus,2025-02-23 08:59:07,2025-06-04 22:43:17,bus
SGM000442,BKG00181,Flixbus,2025-07-19 23:42:38,2024-10-23 22:45:12,bus
SGM000443,BKG00105,British Airways,2024-12-10 02:18:16,2025-07-17 22:02:14,train
SGM000444,BKG00069,British Airways,2024-07-14 06:40:35,2025-01-06 14:10:10,flight
SGM000445,BKG00043,British Airways,2025-07-27 01:57:21,2024-10-22 19:05:39,flight
SGM000446,BKG00072,American Airlines,2025-05-21 02:27:32,2025-02-18 18:04:09,train
SGM000447,BKG00044,American Airlines,2024-11-25 05:13:28,2024-07-16 06:07:27,bus
SGM000448,BKG00183,Flixbus,2024-11-20 12:52:19,2025-02-15 03:55:29,train
SGM000449,BKG00106,British Airways,2025-07-31 06:04:56,2025-05-03 18:01:00,bus
SGM000450,BKG00083,American Airlines,2025-01-09 21:41:33,2025-03-31 01:41:18,train
SGM000451,BKG00081,United,2025-07-14 11:57:58,2024-08-17 15:44:21,flight
SGM000452,BKG00106,Flixbus,2024-11-08 02:25:11,2025-04-21 12:32:57,flight
SGM000453,BKG00184,Deutsche Bahn,2025-01-28 19:39:38,2025-01-31 01:51:04,flight
SGM000454,BKG00020,Flixbus,2025-03-11 06:35:49,2024-08-04 20:50:17,bus
SGM000455,BKG00195,Deutsche Bahn,2025-04-02 09:57:44,2025-06-25 06:26:16,bus
SGM000456,BKG00177,British Airways,2024-10-08 20:57:37,2024-12-23 22:39:02,train
SGM000457,BKG00160,Deutsche Bahn,2025-04-15 03:42:11,2025-08-01 21:14:42,train
SGM000458,BKG00006,British Airways,2025-07-03 21:56:56,2024-09-13 15:03:26,flight
SGM000459,BKG00069,United,2025-04-04 18:52:55,2024-09-22 03:23:12,bus
SGM000460,BKG00126,Deutsche Bahn,2024-09-19 10:24:16,2024-11-11 02:59:26,train
SGM000461,BKG00142,Flixbus,2025-03-24 21:46:10,2025-05-03 08:58:29,bus
SGM000462,BKG00159,British Airways,2025-05-14 22:39:30,2025-06-13 12:37:55,bus
SGM000463,BKG00147,Flixbus,2025-05-03 22:41:05,2025-04-02 13:12:52,flight
SGM000464,BKG00142,American Airlines,2024-10-02 20:52:09,2024-10-28 05:31:19,flight
SGM000465,BKG00175,British Airways,2025-07-28 03:09:47,2025-04-19 10:21:30,bus
SGM000466,BKG00198,Deutsche Bahn,2024-12-25 00:41:51,2024-10-01 06:08:05,bus
SGM000467,BKG00148,British Airways,2025-06-01 13:51:38,2025-07-08 07:04:15,bus
SGM000468,BKG00169,Flixbus,2025-02-19 07:54:19,2025-05-08 19:54:46,bus
SGM000469,BKG00153,United,2024-10-14 19:48:03,2024-11-17 03:21:03,flight
SGM000470,BKG00119,British Airways,2025-04-15 01:32:27,2025-05-06 18:26:49,train
SGM000471,BKG00127,Deutsche Bahn,2024-07-08 08:47:22,2025-02-04 09:31:24,flight
SGM000472,BKG00141,American Airlines,2024-12-29 06:08:19,2025-03-02 05:32:36,train
SGM000473,BKG00056,United,2024-12-29 14:16:58,2024-09-08 09:17:22,bus
SGM000474,BKG00164,American Airlines,2025-03-19 07:37:29,2024-10-15 14:52:26,train
SGM000475,BKG00057,British Airways,2025-03-06 07:08:29,2024-11-20 23:07:07,flight
SGM000476,BKG00020,Flixbus,2025-06-27 09:53:28,2024-09-21 05:58:48,flight
SGM000477,BKG00081,Flixbus,2025-01-26 12:01:22,2024-08-24 03:59:32,bus
SGM000478,BKG00068,Deutsche Bahn,2025-07-10 00:00:23,2024-09-30 21:03:14,flight
SGM000479,BKG00130,Flixbus,2025-03-12 15:38:55,2025-04-28 19:41:12,bus
SGM000480,BKG00086,United,2025-07-31 10:09:53,2024-10-21 07:40:47,flight
SGM000481,BKG00164,Flixbus,2024-12-23 09:05:37,2025-03-30 17:42:24,flight
SGM000482,BKG00048,Deutsche Bahn,2024-11-05 06:53:05,2025-07-29 14:42:33,bus
SGM000483,BKG00146,British Airways,2024-11-14 14:17:00,2024-10-26 14:47:28,train
SGM000484,BKG00114,British Airways,2024-09-04 12:07:13,2025-03-19 11:32:25,flight
SGM000485,BKG00088,Flixbus,2024-07-15 04:09:45,2024-12-28 01:58:08,train
SGM000486,BKG00084,American Airlines,2025-07-23 20:07:45,2024-09-14 15:01:16,flight
SGM000487,BKG00127,British Airways,2025-03-25 16:54:15,2025-06-10 23:57:28,flight
SGM000488,BKG00139,Flixbus,2024-08-12 06:00:46,2024-12-13 14:03:35,flight
SGM000489,BKG00188,Deutsche Bahn,2024-08-03 18:10:19,2024-09-22 00:12:28,flight
SGM000490,BKG00168,Flixbus,2024-10-09 02:45:01,2024-08-28 00:48:23,train
SGM000491,BKG00160,British Airways,2024-08-29 13:59:19,2025-05-13 07:00:59,train
SGM000492,BKG00177,Deutsche Bahn,2024-12-04 21:09:05,2025-03-10 05:32:57,flight
SGM000493,BKG00116,Flixbus,2024-09-22 01:02:40,2025-05-24 13:38:23,flight
SGM000494,BKG00195,United,2025-06-27 03:54:45,2025-06-08 16:09:58,train
SGM000495,BKG00126,Deutsche Bahn,2025-04-09 03:02:16,2024-12-08 03:08:42,bus
SGM000496,BKG00070,United,2025-04-10 16:29:44,2024-10-21 10:13:49,bus
SGM000497,BKG00085,American Airlines,2024-11-05 21:20:14,2024-10-10 21:01:17,train
SGM000498,BKG00032,Deutsche Bahn,2025-02-05 03:57:48,2025-03-06 03:07:01,flight
SGM000499,BKG00080,United,2024-11-07 09:40:45,2024-11-28 04:13:22,flight
SGM000500,BKG00151,British Airways,2024-08-17 12:41:32,2024-12-22 18:43:40,bus
SGM000501,BKG00060,British Airways,2024-09-09 16:46:12,2025-01-30 21:50:18,bus
SGM000502,BKG00060,American Airlines,2024-11-03 21:01:18,2024-08-31 05:26:54,train
SGM000503,BKG00097,Deutsche Bahn,2025-05-11 00:44:33,2025-04-13 01:35:38,bus
SGM000504,BKG00027,Deutsche Bahn,2025-03-23 15:43:37,2024-08-07 20:39:11,train
SGM000505,BKG00185,Deutsche Bahn,2024-11-02 01:17:10,2025-01-08 20:36:22,bus
SGM000506,BKG00042,American Airlines,2025-04-29 15:33:02,2025-06-13 12:20:13,bus
SGM000507,BKG00168,Deutsche Bahn,2025-04-16 12:37:27,2024-10-18 08:15:47,bus
SGM000508,BKG00166,British Airways,2024-12-21 02:09:03,2025-03-23 09:53:24,flight
SGM000509,BKG00085,United,2025-06-11 19:18:35,2024-11-17 02:53:10,flight
SGM000510,BKG00176,British Airways,2025-06-12 21:23:02,2025-03-06 17:00:16,flight
SGM000511,BKG00016,British Airways,2025-06-08 02:41:47,2025-07-24 08:22:30,bus
SGM000512,BKG00097,United,2024-08-21 18:19:57,2024-12-14 01:23:08,train
SGM000513,BKG00197,British Airways,2025-02-27 15:40:52,2025-01-08 16:13:21,train
SGM000514,BKG00197,American Airlines,2024-12-13 08:52:22,2025-03-01 20:00:11,train
SGM000515,BKG00097,United,2024-07-12 13:57:53,2025-01-08 03:50:05,train
SGM000516,BKG00064,British Airways,2025-06-08 16:39:52,2025-03-31 22:14:55,flight
SGM000517,BKG00073,Flixbus,2024-08-23 12:00:38,2024-10-14 03:05:05,flight
SGM000518,BKG00084,British Airways,2025-04-11 15:30:37,2024-11-17 04:31:46,bus
SGM000519,BKG00004,American Airlines,2025-04-23 03:04:26,2025-05-04 16:10:27,bus
SGM000520,BKG00001,Deutsche Bahn,2025-04-03 16:28:42,2025-06-15 14:08:37,train
SGM000521,BKG00021,British Airways,2024-08-08 15:01:50,2024-12-08 09:26:58,flight
SGM000522,BKG00111,Deutsche Bahn,2025-03-08 23:22:24,2024-10-17 21:47:58,train
SGM000523,BKG00056,Flixbus,2024-07-23 17:12:18,2024-11-12 10:50:26,bus
SGM000524,BKG00065,British Airways,2025-04-22 21:22:20,2025-02-18 08:51:47,bus
SGM000525,BKG00073,United,2025-02-10 14:18:49,2024-12-19 11:41:11,train
SGM000526,BKG00097,Deutsche Bahn,2024-09-29 22:55:55,2025-01-19 09:11:53,bus
SGM000527,BKG00143,Flixbus,2025-08-02 02:18:18,2024-07-24 11:31:57,train
SGM000528,BKG00111,United,2025-02-10 16:33:39,2025-03-13 21:43:11,flight
SGM000529,BKG00178,United,2024-11-04 11:19:54,2024-09-01 11:35:32,train
SGM000530,BKG00124,United,2025-02-21 09:13:34,2025-06-24 15:04:34,flight
SGM000531,BKG00166,United,2024-12-01 16:02:27,2025-02-05 01:55:28,flight
SGM000532,BKG00085,British Airways,2025-01-28 09:20:18,2024-07-14 11:02:36,bus
SGM000533,BKG00075,British Airways,2025-06-09 03:37:32,2024-08-17 15:20:48,bus
SGM000534,BKG00087,British Airways,2024-09-15 02:26:47,2025-03-25 18:40:42,bus
SGM000535,BKG00167,Flixbus,2024-09-08 03:08:13,2024-11-20 06:50:25,train
SGM000536,BKG00037,Flixbus,2025-08-05 14:19:48,2025-02-22 14:12:45,train
SGM000537,BKG00187,Flixbus,2025-03-19 21:01:41,2025-01-27 09:39:25,bus
SGM000538,BKG00058,American Airlines,2025-07-06 01:44:14,2024-11-21 09:50:56,train
SGM000539,BKG00137,Flixbus,2025-06-20 17:25:56,2025-03-05 23:57:26,bus
SGM000540,BKG00098,British Airways,2024-07-29 03:42:31,2025-07-12 18:15:25,train
SGM000541,BKG00191,British Airways,2024-10-03 20:50:26,2025-04-05 05:47:18,flight
SGM000542,BKG00062,American Airlines,2024-10-28 22:18:06,2024-10-08 02:27:27,flight
SGM000543,BKG00048,American Airlines,2025-04-18 14:16:22,2025-04-06 11:43:40,bus
SGM000544,BKG00191,Flixbus,2025-03-11 03:22:54,2025-06-28 07:06:18,train
SGM000545,BKG00031,Deutsche Bahn,2025-04-08 21:01:14,2024-11-14 15:31:22,train
SGM000546,BKG00134,American Airlines,2024-11-10 19:55:10,2025-01-14 21:24:59,flight
SGM000547,BKG00020,United,2025-01-04 12:56:34,2024-12-23 13:36:44,flight
SGM000548,BKG00019,British Airways,2024-07-13 08:19:48,2025-06-17 08:53:16,bus
SGM000549,BKG00153,United,2025-03-13 16:48:52,2024-08-27 00:04:22,flight
SGM000550,BKG00126,British Airways,2025-05-22 06:27:56,2024-10-27 16:10:44,bus
SGM000551,BKG00067,British Airways,2024-09-29 04:29:14,2025-03-07 16:12:48,flight
SGM000552,BKG00109,American Airlines,2024-12-04 05:18:55,2025-05-02 16:16:28,flight
SGM000553,BKG00115,American Airlines,2024-10-13 04:37:19,2025-01-11 09:52:21,train
SGM000554,BKG00142,United,2025-07-20 16:25:33,2024-12-09 07:58:59,flight
SGM000555,BKG00119,British Airways,2025-06-28 19:32:38,2025-01-31 16:37:25,flight
SGM000556,BKG00078,United,2025-02-06 23:29:35,2024-07-23 22:28:39,bus
SGM000557,BKG00115,Deutsche Bahn,2025-03-04 19:39:54,2024-11-16 21:53:29,flight
SGM000558,BKG00091,United,2024-10-02 14:31:15,2025-03-17 14:42:17,bus
SGM000559,BKG00013,Flixbus,2025-06-09 00:43:50,2025-01-24 22:17:40,flight
SGM000560,BKG00154,United,2025-04-14 03:44:20,2024-09-24 13:13:06,flight
SGM000561,BKG00124,Flixbus,2025-08-01 01:26:57,2025-02-03 14:38:24,bus
SGM000562,BKG00167,Flixbus,2025-02-28 21:57:26,2024-11-18 07:31:14,train
SGM000563,BKG00057,Flixbus,2025-04-07 03:16:44,2025-06-30 19:10:39,bus
SGM000564,BKG00027,Deutsche Bahn,2024-09-04 04:32:26,2024-09-21 04:39:09,bus
SGM000565,BKG00025,United,2025-05-25 11:58:57,2024-11-24 06:15:56,bus
SGM000566,BKG00112,United,2025-03-21 18:35:09,2024-07-12 06:32:36,train
SGM000567,BKG00190,Deutsche Bahn,2025-05-08 05:26:17,2025-03-26 12:40:30,flight
SGM000568,BKG00065,British Airways,2025-06-21 04:53:10,2025-03-11 16:25:23,bus
SGM000569,BKG00152,American Airlines,2025-05-07 02:22:02,2024-08-04 16:54:56,bus
SGM000570,BKG00130,United,2024-07-31 12:20:10,2024-11-09 09:28:16,train
SGM000571,BKG00199,American Airlines,2024-11-17 15:52:45,2024-09-12 16:35:36,bus
SGM000572,BKG00043,Deutsche Bahn,2024-12-16 23:43:40,2025-05-05 17:21:56,flight
SGM000573,BKG00096,British Airways,2024-07-10 05:27:08,2025-07-08 17:14:13,train
SGM000574,BKG00041,British Airways,2025-01-01 03:24:48,2024-12-22 03:26:15,flight
SGM000575,BKG00005,British Airways,2025-01-14 02:18:42,2025-08-02 08:58:05,flight
SGM000576,BKG00166,Deutsche Bahn,2025-05-01 00:33:06,2024-09-19 15:25:23,train
SGM000577,BKG00179,Flixbus,2025-02-26 17:08:14,2025-04-20 15:02:17,bus
SGM000578,BKG00022,Flixbus,2025-07-21 01:58:10,2024-08-02 05:36:48,flight
SGM000579,BKG00088,American Airlines,2025-04-13 12:42:08,2025-06-03 16:58:44,flight
SGM000580,BKG00122,Flixbus,2025-07-06 22:21:25,2024-11-20 18:57:38,flight
SGM000581,BKG00177,Flixbus,2024-09-30 19:03:42,2024-12-10 15:47:06,flight
SGM000582,BKG00170,British Airways,2025-07-05 20:33:32,2024-08-19 21:45:20,train
SGM000583,BKG00146,British Airways,2024-08-22 13:54:30,2025-05-10 08:49:47,train
SGM000584,BKG00196,American Airlines,2024-10-07 04:03:31,2025-05-18 14:07:39,flight
SGM000585,BKG00050,United,2025-03-07 09:37:19,2024-10-30 06:40:53,bus
SGM000586,BKG00010,American Airlines,2024-08-11 01:57:19,2025-03-08 10:30:18,flight
SGM000587,BKG00011,American Airlines,2024-09-25 00:27:06,2025-07-11 03:08:21,bus
SGM000588,BKG00073,Deutsche Bahn,2025-07-10 05:45:41,2024-11-19 17:10:25,flight
SGM000589,BKG00007,Deutsche Bahn,2024-09-23 13:18:16,2024-12-29 14:32:47,bus
SGM000590,BKG00151,American Airlines,2024-08-30 05:05:06,2024-11-15 08:35:23,flight
SGM000591,BKG00040,American Airlines,2024-08-23 23:32:25,2024-12-17 03:41:56,bus
SGM000592,BKG00163,American Airlines,2025-06-07 04:21:47,2024-08-14 11:06:40,flight
SGM000593,BKG00084,Flixbus,2024-08-08 02:06:32,2024-07-15 06:23:13,flight
SGM000594,BKG00071,Deutsche Bahn,2024-09-15 20:56:13,2025-04-09 03:02:26,bus
SGM000595,BKG00054,American Airlines,2024-12-28 03:35:45,2025-05-07 12:47:45,train
SGM000596,BKG00136,British Airways,2024-07-12 07:07:59,2025-05-06 12:25:34,bus
SGM000597,BKG00046,British Airways,2024-09-06 15:03:45,2024-12-24 12:13:33,train
SGM000598,BKG00142,Flixbus,2025-02-05 07:06:11,2024-11-21 00:32:01,flight
SGM000599,BKG00175,Flixbus,2025-02-28 23:38:34,2024-07-21 16:41:33,bus
