ticketId,passengerId
TKT000092,PSG000235
TKT000339,PSG000305
TKT000084,PSG000166
TKT000444,PSG000019
TKT000244,PSG000215
TKT000021,PSG000342
TKT000290,PSG000134
TKT000484,PSG000392
TKT000271,PSG000128
TKT000305,PSG000293
TKT000121,PSG000245
TKT000127,PSG000188
TKT000112,PSG000043
TKT000426,PSG000085
TKT000272,PSG000043
TKT000335,PSG000329
TKT000441,PSG000374
TKT000129,PSG000377
TKT000131,PSG000389
TKT000084,PSG000144
TKT000422,PSG000050
TKT000481,PSG000241
TKT000349,PSG000293
TKT000389,PSG000050
TKT000080,PSG000265
TKT000486,PSG000119
TKT000472,PSG000199
TKT000324,PSG000247
TKT000068,PSG000069
TKT000147,PSG000340
TKT000447,PSG000056
TKT000015,PSG000381
TKT000306,PSG000038
TKT000104,PSG000288
TKT000164,PSG000017
TKT000487,PSG000219
TKT000200,PSG000312
TKT000196,PSG000243
TKT000425,PSG000351
TKT000184,PSG000303
TKT000321,PSG000297
TKT000264,PSG000282
TKT000362,PSG000073
TKT000099,PSG000109
TKT000341,PSG000179
TKT000319,PSG000031
TKT000213,PSG000233
TKT000277,PSG000281
TKT000161,PSG000024
TKT000438,PSG000330
TKT000156,PSG000278
TKT000421,PSG000225
TKT000250,PSG000056
TKT000365,PSG000179
TKT000096,PSG000231
TKT000017,PSG000381
TKT000326,PSG000342
TKT000448,PSG000286
TKT000382,PSG000063
TKT000096,PSG000231
TKT000000,PSG000288
TKT000215,PSG000212
TKT000131,PSG000257
TKT000259,PSG000017
TKT000124,PSG000174
TKT000081,PSG000228
TKT000282,PSG000225
TKT000170,PSG000083
TKT000058,PSG000290
TKT000031,PSG000369
TKT000160,PSG000245
TKT000283,PSG000109
TKT000105,PSG000253
TKT000104,PSG000087
TKT000438,PSG000071
TKT000227,PSG000380
TKT000187,PSG000029
TKT000069,PSG000171
TKT000317,PSG000308
TKT000463,PSG000393
TKT000289,PSG000342
TKT000086,PSG000176
TKT000369,PSG000138
TKT000361,PSG000193
TKT000471,PSG000185
TKT000055,PSG000217
TKT000112,PSG000163
TKT000012,PSG000160
TKT000439,PSG000012
TKT000017,PSG000295
TKT000181,PSG000088
TKT000460,PSG000323
TKT000112,PSG000041
TKT000228,PSG000209
TKT000170,PSG000228
TKT000294,PSG000349
TKT000188,PSG000274
TKT000425,PSG000278
TKT000464,PSG000250
TKT000078,PSG000309
TKT000145,PSG000207
TKT000406,PSG000320
TKT000181,PSG000139
TKT000498,PSG000279
TKT000285,PSG000033
TKT000249,PSG000308
TKT000353,PSG000391
TKT000313,PSG000017
TKT000195,PSG000056
TKT000322,PSG000111
TKT000070,PSG000004
TKT000247,PSG000181
TKT000145,PSG000012
TKT000105,PSG000338
TKT000262,PSG000284
TKT000295,PSG000258
TKT000069,PSG000089
TKT000469,PSG000103
TKT000192,PSG000378
TKT000067,PSG000185
TKT000493,PSG000249
TKT000304,PSG000254
TKT000051,PSG000075
TKT000369,PSG000385
TKT000362,PSG000107
TKT000284,PSG000155
TKT000404,PSG000081
TKT000473,PSG000076
TKT000333,PSG000257
TKT000008,PSG000126
TKT000250,PSG000390
TKT000430,PSG000281
TKT000331,PSG000087
TKT000297,PSG000203
TKT000434,PSG000015
TKT000183,PSG000150
TKT000178,PSG000253
TKT000197,PSG000187
TKT000127,PSG000328
TKT000019,PSG000031
TKT000471,PSG000270
TKT000410,PSG000396
TKT000421,PSG000004
TKT000327,PSG000329
TKT000064,PSG000307
TKT000181,PSG000332
TKT000240,PSG000168
TKT000368,PSG000180
TKT000023,PSG000365
TKT000383,PSG000177
TKT000430,PSG000142
TKT000454,PSG000361
TKT000082,PSG000247
TKT000469,PSG000126
TKT000318,PSG000262
TKT000184,PSG000039
TKT000438,PSG000354
TKT000315,PSG000254
TKT000098,PSG000142
TKT000061,PSG000239
TKT000285,PSG000227
TKT000476,PSG000340
TKT000021,PSG000197
TKT000458,PSG000064
TKT000211,PSG000387
TKT000125,PSG000010
TKT000412,PSG000107
TKT000498,PSG000025
TKT000424,PSG000150
TKT000041,PSG000220
TKT000097,PSG000340
TKT000448,PSG000236
TKT000030,PSG000236
TKT000157,PSG000218
TKT000111,PSG000150
TKT000401,PSG000122
TKT000246,PSG000143
TKT000121,PSG000188
TKT000272,PSG000254
TKT000293,PSG000067
TKT000397,PSG000103
TKT000470,PSG000335
TKT000472,PSG000158
TKT000206,PSG000308
TKT000109,PSG000361
TKT000439,PSG000299
TKT000277,PSG000395
TKT000450,PSG000089
TKT000055,PSG000356
TKT000374,PSG000255
TKT000402,PSG000352
TKT000056,PSG000219
TKT000427,PSG000008
TKT000481,PSG000011
TKT000290,PSG000324
TKT000113,PSG000243
TKT000380,PSG000181
TKT000384,PSG000283
TKT000307,PSG000311
TKT000340,PSG000098
TKT000476,PSG000196
TKT000197,PSG000365
TKT000420,PSG000225
TKT000320,PSG000332
TKT000178,PSG000102
TKT000384,PSG000105
TKT000218,PSG000364
TKT000276,PSG000367
TKT000436,PSG000057
TKT000015,PSG000077
TKT000491,PSG000074
TKT000378,PSG000041
TKT000060,PSG000323
TKT000053,PSG000180
TKT000167,PSG000032
TKT000025,PSG000070
TKT000335,PSG000055
TKT000475,PSG000104
TKT000064,PSG000199
TKT000099,PSG000100
TKT000073,PSG000255
TKT000191,PSG000306
TKT000170,PSG000073
TKT000272,PSG000170
TKT000376,PSG000376
TKT000186,PSG000142
TKT000022,PSG000165
TKT000390,PSG000398
TKT000427,PSG000260
TKT000180,PSG000220
TKT000326,PSG000082
TKT000107,PSG000181
TKT000334,PSG000306
TKT000161,PSG000009
TKT000301,PSG000395
TKT000492,PSG000003
TKT000451,PSG000350
TKT000205,PSG000335
TKT000077,PSG000291
TKT000015,PSG000280
TKT000326,PSG000214
TKT000095,PSG000097
TKT000146,PSG000100
TKT000001,PSG000008
TKT000009,PSG000060
TKT000433,PSG000308
TKT000124,PSG000145
TKT000080,PSG000062
TKT000484,PSG000120
TKT000139,PSG000225
TKT000325,PSG000104
TKT000149,PSG000259
TKT000287,PSG000348
TKT000360,PSG000254
TKT000339,PSG000206
TKT000128,PSG000027
TKT000437,PSG000169
TKT000238,PSG000335
TKT000057,PSG000075
TKT000197,PSG000115
TKT000210,PSG000068
TKT000401,PSG000353
TKT000389,PSG000233
TKT000044,PSG000000
TKT000096,PSG000166
TKT000278,PSG000351
TKT000022,PSG000217
TKT000409,PSG000272
TKT000460,PSG000367
TKT000390,PSG000250
TKT000334,PSG000346
TKT000043,PSG000343
TKT000026,PSG000173
TKT000281,PSG000169
TKT000096,PSG000245
TKT000462,PSG000089
TKT000035,PSG000048
TKT000108,PSG000293
TKT000054,PSG000149
TKT000191,PSG000131
TKT000218,PSG000058
TKT000184,PSG000323
TKT000068,PSG000198
TKT000316,PSG000214
TKT000129,PSG000385
TKT000054,PSG000048
TKT000377,PSG000231
TKT000096,PSG000246
TKT000335,PSG000381
TKT000086,PSG000238
TKT000293,PSG000366
TKT000118,PSG000167
TKT000207,PSG000047
TKT000333,PSG000050
TKT000412,PSG000298
TKT000153,PSG000097
TKT000034,PSG000215
TKT000078,PSG000176
TKT000066,PSG000379
TKT000342,PSG000079
TKT000412,PSG000184
TKT000033,PSG000366
TKT000096,PSG000398
TKT000168,PSG000026
TKT000168,PSG000194
TKT000150,PSG000213
TKT000070,PSG000368
TKT000002,PSG000341
TKT000313,PSG000113
TKT000031,PSG000241
TKT000286,PSG000123
TKT000081,PSG000304
TKT000042,PSG000075
TKT000390,PSG000310
TKT000104,PSG000311
TKT000000,PSG000195
TKT000060,PSG000350
TKT000269,PSG000043
TKT000179,PSG000185
TKT000223,PSG000342
TKT000005,PSG000245
TKT000102,PSG000083
TKT000009,PSG000206
TKT000070,PSG000150
TKT000089,PSG000155
TKT000225,PSG000015
TKT000157,PSG000164
TKT000227,PSG000144
TKT000404,PSG000036
TKT000125,PSG000332
TKT000443,PSG000044
TKT000208,PSG000205
TKT000096,PSG000061
TKT000073,PSG000355
TKT000114,PSG000307
TKT000190,PSG000018
TKT000494,PSG000364
TKT000169,PSG000299
TKT000306,PSG000006
TKT000447,PSG000248
TKT000203,PSG000116
TKT000055,PSG000067
TKT000207,PSG000033
TKT000040,PSG000193
TKT000031,PSG000324
TKT000014,PSG000054
TKT000061,PSG000265
TKT000154,PSG000041
TKT000283,PSG000296
TKT000208,PSG000230
TKT000319,PSG000377
TKT000493,PSG000393
TKT000186,PSG000009
TKT000497,PSG000357
TKT000441,PSG000127
TKT000129,PSG000178
TKT000126,PSG000391
TKT000291,PSG000192
TKT000113,PSG000091
TKT000198,PSG000368
TKT000012,PSG000230
TKT000270,PSG000077
TKT000088,PSG000084
TKT000214,PSG000029
TKT000443,PSG000212
TKT000277,PSG000048
TKT000446,PSG000264
TKT000473,PSG000144
TKT000480,PSG000068
TKT000202,PSG000057
TKT000073,PSG000184
TKT000024,PSG000061
TKT000100,PSG000307
TKT000175,PSG000295
TKT000426,PSG000165
TKT000116,PSG000170
TKT000165,PSG000062
TKT000040,PSG000146
TKT000428,PSG000305
TKT000343,PSG000160
TKT000423,PSG000140
TKT000365,PSG000333
TKT000119,PSG000096
TKT000096,PSG000220
TKT000144,PSG000042
TKT000215,PSG000291
TKT000228,PSG000377
TKT000312,PSG000107
TKT000129,PSG000265
TKT000351,PSG000094
TKT000376,PSG000261
TKT000317,PSG000312
TKT000471,PSG000384
TKT000136,PSG000070
TKT000323,PSG000218
TKT000336,PSG000020
TKT000272,PSG000091
TKT000116,PSG000126
TKT000305,PSG000079
TKT000367,PSG000311
TKT000093,PSG000237
TKT000167,PSG000371
TKT000441,PSG000181
TKT000202,PSG000024
TKT000340,PSG000155
TKT000148,PSG000004
TKT000401,PSG000119
TKT000182,PSG000276
TKT000412,PSG000017
TKT000151,PSG000197
TKT000073,PSG000056
TKT000364,PSG000092
TKT000400,PSG000018
TKT000273,PSG000383
TKT000041,PSG000352
TKT000495,PSG000192
TKT000211,PSG000236
TKT000100,PSG000386
TKT000044,PSG000276
TKT000081,PSG000226
TKT000016,PSG000232
TKT000072,PSG000039
TKT000013,PSG000322
TKT000432,PSG000152
TKT000156,PSG000126
TKT000222,PSG000236
TKT000131,PSG000054
TKT000337,PSG000171
TKT000403,PSG000108
TKT000375,PSG000353
TKT000375,PSG000183
TKT000046,PSG000367
TKT000106,PSG000197
TKT000107,PSG000370
TKT000264,PSG000372
TKT000204,PSG000086
TKT000078,PSG000200
TKT000154,PSG000336
TKT000270,PSG000321
TKT000475,PSG000274
TKT000484,PSG000210
TKT000246,PSG000390
TKT000018,PSG000117
TKT000345,PSG000190
TKT000435,PSG000041
TKT000025,PSG000041
TKT000216,PSG000314
TKT000153,PSG000275
TKT000153,PSG000328
TKT000173,PSG000016
TKT000091,PSG000282
TKT000432,PSG000257
TKT000337,PSG000062
TKT000479,PSG000061
TKT000180,PSG000099
TKT000130,PSG000018
TKT000449,PSG000016
TKT000480,PSG000324
TKT000297,PSG000372
TKT000274,PSG000245
TKT000272,PSG000250
TKT000491,PSG000080
TKT000416,PSG000038
TKT000075,PSG000035
TKT000176,PSG000387
TKT000183,PSG000196
TKT000318,PSG000157
TKT000130,PSG000203
TKT000362,PSG000195
TKT000048,PSG000215
TKT000054,PSG000284
TKT000153,PSG000195
TKT000354,PSG000306
TKT000199,PSG000151
TKT000307,PSG000013
TKT000355,PSG000324
TKT000372,PSG000145
TKT000117,PSG000056
TKT000262,PSG000210
TKT000045,PSG000267
TKT000301,PSG000209
TKT000355,PSG000016
TKT000399,PSG000285
TKT000407,PSG000343
TKT000188,PSG000202
TKT000309,PSG000098
TKT000317,PSG000278
TKT000128,PSG000208
TKT000048,PSG000128
TKT000024,PSG000334
TKT000265,PSG000287
TKT000117,PSG000251
TKT000463,PSG000264
TKT000143,PSG000270
TKT000441,PSG000187
TKT000199,PSG000213
TKT000156,PSG000282
TKT000486,PSG000210
TKT000347,PSG000364
TKT000133,PSG000075
TKT000399,PSG000147
TKT000147,PSG000320
TKT000335,PSG000212
TKT000070,PSG000108
TKT000232,PSG000128
TKT000333,PSG000009
TKT000298,PSG000046
TKT000153,PSG000378
TKT000089,PSG000314
TKT000333,PSG000095
TKT000198,PSG000102
TKT000160,PSG000379
TKT000025,PSG000341
TKT000120,PSG000145
TKT000300,PSG000367
TKT000211,PSG000026
TKT000062,PSG000219
TKT000450,PSG000017
TKT000435,PSG000166
TKT000067,PSG000081
TKT000252,PSG000071
TKT000409,PSG000309
TKT000458,PSG000253
TKT000001,PSG000161
TKT000397,PSG000326
TKT000107,PSG000037
TKT000285,PSG000392
TKT000048,PSG000200
TKT000139,PSG000199
TKT000217,PSG000254
TKT000043,PSG000178
TKT000416,PSG000034
TKT000268,PSG000081
TKT000077,PSG000388
TKT000215,PSG000397
TKT000381,PSG000219
TKT000097,PSG000157
TKT000235,PSG000003
TKT000281,PSG000166
TKT000148,PSG000203
TKT000411,PSG000193
TKT000303,PSG000234
TKT000483,PSG000205
TKT000423,PSG000149
TKT000065,PSG000158
TKT000233,PSG000278
TKT000456,PSG000303
TKT000086,PSG000380
TKT000078,PSG000165
TKT000204,PSG000310
TKT000278,PSG000067
TKT000336,PSG000087
TKT000253,PSG000216
TKT000303,PSG000000
TKT000379,PSG000134
TKT000129,PSG000184
TKT000083,PSG000350
TKT000275,PSG000139
TKT000186,PSG000105
TKT000045,PSG000132
TKT000386,PSG000107
TKT000182,PSG000177
TKT000267,PSG000297
TKT000295,PSG000357
TKT000321,PSG000379
TKT000099,PSG000395
TKT000077,PSG000358
TKT000271,PSG000145
TKT000338,PSG000073
TKT000161,PSG000107
TKT000043,PSG000121
TKT000237,PSG000016
TKT000133,PSG000195
TKT000460,PSG000326
TKT000191,PSG000317
TKT000355,PSG000296
TKT000277,PSG000251
TKT000017,PSG000118
TKT000011,PSG000161
TKT000179,PSG000197
TKT000122,PSG000044
TKT000245,PSG000313
TKT000221,PSG000178
TKT000372,PSG000381
TKT000050,PSG000043
TKT000487,PSG000270
TKT000070,PSG000077
TKT000479,PSG000325
TKT000047,PSG000177
TKT000018,PSG000356
TKT000261,PSG000002
TKT000083,PSG000213
TKT000154,PSG000341
TKT000052,PSG000073
TKT000106,PSG000050
TKT000356,PSG000066
TKT000303,PSG000331
TKT000134,PSG000092
TKT000442,PSG000175
TKT000068,PSG000144
TKT000010,PSG000006
TKT000142,PSG000268
TKT000191,PSG000375
TKT000386,PSG000321
TKT000377,PSG000003
TKT000068,PSG000137
TKT000022,PSG000230
TKT000180,PSG000087
TKT000292,PSG000016
TKT000008,PSG000051
TKT000270,PSG000133
TKT000386,PSG000210
TKT000092,PSG000324
TKT000453,PSG000392
TKT000016,PSG000218
TKT000153,PSG000204
TKT000404,PSG000210
TKT000327,PSG000276
TKT000148,PSG000023
TKT000376,PSG000003
TKT000266,PSG000151
TKT000421,PSG000258
TKT000327,PSG000323
TKT000105,PSG000356
TKT000471,PSG000167
TKT000380,PSG000175
TKT000034,PSG000309
TKT000118,PSG000290
TKT000013,PSG000055
TKT000013,PSG000107
TKT000265,PSG000295
TKT000139,PSG000323
TKT000293,PSG000301
TKT000363,PSG000333
TKT000118,PSG000140
TKT000237,PSG000154
TKT000033,PSG000261
TKT000168,PSG000272
TKT000009,PSG000231
TKT000121,PSG000240
TKT000400,PSG000354
TKT000144,PSG000336
TKT000450,PSG000257
TKT000445,PSG000248
TKT000222,PSG000076
TKT000370,PSG000179
TKT000256,PSG000065
TKT000267,PSG000307
TKT000358,PSG000347
TKT000003,PSG000170
TKT000425,PSG000021
TKT000396,PSG000366
TKT000353,PSG000106
TKT000105,PSG000322
TKT000084,PSG000226
TKT000213,PSG000395
TKT000120,PSG000215
TKT000131,PSG000068
TKT000337,PSG000083
TKT000196,PSG000102
TKT000018,PSG000038
TKT000129,PSG000012
TKT000011,PSG000296
TKT000080,PSG000312
TKT000329,PSG000180
TKT000353,PSG000267
TKT000261,PSG000012
TKT000391,PSG000119
TKT000124,PSG000352
TKT000306,PSG000056
TKT000266,PSG000039
TKT000446,PSG000373
TKT000440,PSG000335
TKT000382,PSG000127
TKT000139,PSG000172
TKT000328,PSG000034
TKT000001,PSG000258
TKT000007,PSG000375
TKT000249,PSG000004
TKT000138,PSG000217
TKT000123,PSG000010
TKT000308,PSG000381
TKT000227,PSG000326
TKT000009,PSG000116
TKT000468,PSG000183
TKT000211,PSG000393
TKT000111,PSG000361
TKT000007,PSG000115
TKT000291,PSG000161
TKT000476,PSG000066
TKT000361,PSG000199
TKT000459,PSG000030
TKT000252,PSG000074
TKT000013,PSG000236
TKT000239,PSG000326
TKT000437,PSG000065
TKT000241,PSG000069
TKT000468,PSG000296
TKT000341,PSG000019
TKT000148,PSG000225
